.esr_harnass/protocol/builder_driver.md	f0a6ce7033bcd14ab892f90a07af3438df51ee0efb6f34aadcf7402bddba3028
.esr_harnass/protocol/init.md	c461bcfc264cd25c9b0e13f70cbbb6752e239eb1c6af2221a5ebd0c921ab25b0
.esr_harnass/protocol/prd_driver.md	b1f540700f6ffce1862887b94c67af4e4f33870a9e22d438c8f0c92cc02b702b
.esr_harnass/protocol/task-template.md	f5d934d2425bb2076664366f9a7064347dd060c4698af5664035e1e57ef84ed7
.esr_harnass/guides/design.md	b153efa8ad7ee6389d197b3cc2526d15bc067a259afb1151e0397f59dad93643
.esr_harnass/guides/devops.md	04bb4c8c611488e2dbdf805daf287da0d04f4e786d7c6af34c255165d439009b
.esr_harnass/guides/failure_pattern.md	d7a79639da03bc7e200860c095a37bdd1d3a8464565a0c2a8877e60e0d5a6494
.esr_harnass/guides/infra.md	12b2764c7354b3a8089f0b16fe6ed05e3bd9a8a5f1630bb9292a3216f004811b
.esr_harnass/guides/naming.md	23aa3d25100ce5e120f440d63e3c01aaec86c10e8ca039d7975cf8adef368a16
.esr_harnass/guides/prd-checklist.md	e457f27aef9c6c44126a32cdb0abc4051898d3938b646b2716e045a7aae017c3
.esr_harnass/guides/product.md	f12490d9d5a95349a81c5af57f6b8c04d9e85702ed5679a676110a5b2c364ca2
.esr_harnass/guides/tech-design.md	d9cd6c499b8cc040ff31036d0c3be6b2d068672c7cfadfb7b9e3a01afd851f76
.claude/agents/archivist-agent.md	93d163f6a5abac94c68ece7771ccaca11894801cba17b0f4067eb5589b1fdeda
.claude/agents/builder-agent.md	f4acf9cc0fbbdf7b7ade0c2261b95a9b8d6d11d85f44f74aaa115adfefa5e52f
.claude/agents/design-agent.md	0a3bbb29b3d5d23948a63a1282e83f9af644562a57fdb4193d92ceb7ecf68ef8
.claude/agents/planning-agent.md	b710582f55ab8914cbbb2777e815cb796b05cfcd2524b55f9cdbec617f3bc451
.claude/agents/prd-gatekeeper-agent.md	c5e0605c11c40779d001de6e7a00ec1a3968d173fe9296d38db22ed8a5df4ba5
.claude/agents/prd-mapper-agent.md	95bbef157d0b20569d51d67a5e306dd40fa9d98f677d35d87ae7f6587fb6ad25
.claude/agents/prd-summarizer-agent.md	0ff1c815890688cc3defca027f0f84bcbc6e6d10340053cc743a2ccfe0999727
.claude/agents/qa-agent.md	7f0837a174097003ca6eff4fc3d2a0b83ee99e1b3004086d0e7aed32f9c4e229
.claude/agents/requirements-agent.md	da55d926468b79ec2a76ef6a29cf632b068ea1c98d4f2aa445e8692b04ea37e5
.claude/skills/esr-api-controller/SKILL.md	243c220bbf0c8d3cc92d28776535dc8ac9218e112167e4a859c7b82b4797ce1e
.claude/skills/esr-issue/SKILL.md	d93a672a17f0867b80efea2efe3e1787ad96d86598b9097815da30a09335b474
.claude/skills/esr-naming/SKILL.md	597837d11ba08a2d7c4acd1406601b5d70b4279523146b3547f30d1d9ef5e9b0
